Series Name,Series Code,Country Name,Country Code,1990 [YR1990],2000 [YR2000],2010 [YR2010],2011 [YR2011],2012 [YR2012],2013 [YR2013],2014 [YR2014],2015 [YR2015],2016 [YR2016],2017 [YR2017],2018 [YR2018],2019 [YR2019],2020 [YR2020],2021 [YR2021]
Access to electricity (% of population),EG.ELC.ACCS.ZS,Algeria,DZA,..,98.64002991,98.91090393,99.00265503,98.76466047,99.18792725,99.27455139,99.35619354,99.43369293,99.53002167,99.63774109,99.5,99.71877289,99.78782654
Access to electricity (% of population),EG.ELC.ACCS.ZS,Australia,AUS,100,100,100,100,100,100,100,100,100,100,100,100,100,100
Access to electricity (% of population),EG.ELC.ACCS.ZS,Brazil,BRA,87.475116,94.43141174,98.6,99.328691,99.519494,99.575151,99.650247,99.710902,99.7,99.8,99.7,99.8,99.70271301,99.46212006
Access to electricity (% of population),EG.ELC.ACCS.ZS,Cameroon,CMR,..,41,52.84618759,53.7,55.1631279,56.32056046,56.8,58.62038803,59.76366425,60.90362167,62.2,63.17689514,64.31187439,65.44670868
Access to electricity (% of population),EG.ELC.ACCS.ZS,China,CHN,..,96.74505615,99.7,99.88720703,99.94743347,99.99295044,100,100,100,100,100,100,100,100
Access to electricity (% of population),EG.ELC.ACCS.ZS,Canada,CAN,100,100,100,100,100,100,100,100,100,100,100,100,100,100
Access to electricity (% of population),EG.ELC.ACCS.ZS,Ghana,GHA,..,43.7,64.2,64.06256,56.51,70.7,78.3,74.00026703,79.3,79,80.4,83.5,85.44056702,86.3
Access to electricity (% of population),EG.ELC.ACCS.ZS,France,FRA,100,100,100,100,100,100,100,100,100,100,100,100,100,100
Access to electricity (% of population),EG.ELC.ACCS.ZS,Germany,DEU,100,100,100,100,100,100,100,100,100,100,100,100,100,100
Access to electricity (% of population),EG.ELC.ACCS.ZS,"Egypt, Arab Rep.",EGY,..,97.7,99.35715485,99.43557739,99.7,99.87593842,99.8,99.3,100,100,100,100,100,100
Access to electricity (% of population),EG.ELC.ACCS.ZS,India,IND,..,60.29283905,76.3,79.51678467,79.9,83.13139343,85.13391113,88,89.58630371,91.79415894,95.7,95.88594055,96.5,99.57252502
Access to electricity (% of population),EG.ELC.ACCS.ZS,Japan,JPN,100,100,100,100,100,100,100,100,100,100,100,100,100,100
Access to electricity (% of population),EG.ELC.ACCS.ZS,Jamaica,JAM,70.334586,84.43345642,92.2,91.1,93.1,93.9,93.3,94.9,96.5848465,97.36888123,98.15042114,98.93030548,99.70935822,100
Access to electricity (% of population),EG.ELC.ACCS.ZS,South Africa,ZAF,..,72.39502716,82.8,83.6,85.2,85.2,85.9,85.3,83.9,84.4,84.7,85,90,89.3
Access to electricity (% of population),EG.ELC.ACCS.ZS,New Zealand,NZL,100,100,100,100,100,100,100,100,100,100,100,100,100,100
Access to electricity (% of population),EG.ELC.ACCS.ZS,Nigeria,NGA,27.3,43.17996979,48,55.9,53.0173645,55.6,54.15365219,52.5,59.3,54.4,56.5,55.4,55.4,59.5
Access to electricity (% of population),EG.ELC.ACCS.ZS,Russian Federation,RUS,100,97.80664825,99.26815796,99.20948029,100,100,100,95.5,99.41022491,100,100,99.77796936,99.89778137,100
Access to electricity (% of population),EG.ELC.ACCS.ZS,Turkiye,TUR,..,99.89972687,100,100,100,100,100,100,100,100,100,100,100,100
Access to electricity (% of population),EG.ELC.ACCS.ZS,United States,USA,100,100,100,100,100,100,100,100,100,100,100,100,100,100
Access to electricity (% of population),EG.ELC.ACCS.ZS,United Kingdom,GBR,100,100,100,100,100,100,100,100,100,100,100,100,100,100
Access to electricity (% of population),EG.ELC.ACCS.ZS,United Arab Emirates,ARE,100,100,100,100,100,100,100,100,100,100,100,100,100,100
Access to electricity (% of population),EG.ELC.ACCS.ZS,Zimbabwe,ZWE,..,33.67893219,38.88620758,36.9,44,40.64416122,32.3,33.7,42.46558762,43.97906494,45.40028763,46.68209457,52.7476675,48.97992706
"Agriculture, forestry, and fishing, value added (% of GDP)",NV.AGR.TOTL.ZS,Algeria,DZA,..,8.395048495,8.466443577,8.11058988,8.770686355,9.851117128,10.28639707,11.57870734,12.2200948,11.75590331,11.87420085,12.33672685,13.78400574,12.17574038
"Agriculture, forestry, and fishing, value added (% of GDP)",NV.AGR.TOTL.ZS,Australia,AUS,4.194135031,3.112842817,2.204265742,2.29166182,2.267533943,2.285652178,2.220884938,2.375955227,2.404530092,2.703220554,2.458110261,2.116188477,2.012103234,2.30660266
"Agriculture, forestry, and fishing, value added (% of GDP)",NV.AGR.TOTL.ZS,Brazil,BRA,6.963440655,4.750459976,4.115756488,4.342034128,4.168328222,4.506886182,4.325610537,4.319149428,4.891353587,4.600591694,4.420399304,4.205014096,5.711485117,7.486921328
"Agriculture, forestry, and fishing, value added (% of GDP)",NV.AGR.TOTL.ZS,Cameroon,CMR,23.99487034,18.11774246,17.26971088,16.69739074,16.65724017,16.72366119,16.82583818,17.2094159,17.19266239,16.69294182,16.4988007,16.80228356,17.49686505,16.91056251
"Agriculture, forestry, and fishing, value added (% of GDP)",NV.AGR.TOTL.ZS,China,CHN,26.58430812,14.67624166,9.325176941,9.177653795,9.11371387,8.942893962,8.643491396,8.387014882,8.057287535,7.463565017,7.043020253,7.143690278,7.698642551,7.241021652
"Agriculture, forestry, and fishing, value added (% of GDP)",NV.AGR.TOTL.ZS,Canada,CAN,..,2.091653007,1.493236081,1.765664466,1.811345744,1.894231512,1.586548077,1.869835946,1.862225893,1.889994632,1.699891576,1.697079353,..,..
"Agriculture, forestry, and fishing, value added (% of GDP)",NV.AGR.TOTL.ZS,Ghana,GHA,44.84761747,35.27152196,28.03873796,23.66370497,22.13115469,20.36984254,19.58377286,19.9826507,20.84429315,19.56170972,18.13655055,17.32323,18.85378266,19.70877538
"Agriculture, forestry, and fishing, value added (% of GDP)",NV.AGR.TOTL.ZS,France,FRA,3.136835031,2.098357551,1.604028289,1.650287193,1.631795037,1.458632177,1.55635616,1.605644387,1.437114867,1.542414774,1.648876616,1.522459269,1.569681307,1.640189214
"Agriculture, forestry, and fishing, value added (% of GDP)",NV.AGR.TOTL.ZS,Germany,DEU,..,0.994789222,0.803696771,0.910022424,0.847918814,0.942643214,0.904547675,0.684691591,0.69843113,0.85174892,0.689090612,0.775812925,0.752445359,0.850725342
"Agriculture, forestry, and fishing, value added (% of GDP)",NV.AGR.TOTL.ZS,"Egypt, Arab Rep.",EGY,18.5125262,15.53807704,13.34075916,13.8691051,11.27276527,11.2743496,11.33770892,11.39406277,11.76931608,10.98638064,10.83024902,10.69713545,11.16682394,11.43693266
"Agriculture, forestry, and fishing, value added (% of GDP)",NV.AGR.TOTL.ZS,India,IND,27.58488814,21.61106205,17.02650901,17.19197356,16.84537706,17.14842354,16.79193451,16.17450811,16.36380056,16.5583314,16.03163069,16.7555683,18.63553127,17.32626325
"Agriculture, forestry, and fishing, value added (% of GDP)",NV.AGR.TOTL.ZS,Japan,JPN,..,1.517880339,1.108281081,1.080271763,1.122853962,1.06671783,0.9966057,1.03412007,1.124981308,1.128440549,1.044248236,1.038947445,1.028080308,0.950909508
"Agriculture, forestry, and fishing, value added (% of GDP)",NV.AGR.TOTL.ZS,Jamaica,JAM,..,6.231900157,5.26899732,5.647286778,5.771440486,5.970479633,5.972485965,6.308335899,6.598783856,6.63178586,6.592227603,7.019602139,8.68323599,8.340802427
"Agriculture, forestry, and fishing, value added (% of GDP)",NV.AGR.TOTL.ZS,South Africa,ZAF,3.777056178,2.614747993,2.107787493,2.043893086,1.976709595,1.926849246,2.125748549,2.23397839,2.414186074,2.493798638,2.266088718,1.962137989,2.520639447,2.467609563
"Agriculture, forestry, and fishing, value added (% of GDP)",NV.AGR.TOTL.ZS,New Zealand,NZL,5.988676816,7.75290181,6.587915925,6.284238939,5.517520426,7.03371665,4.776857461,4.471293178,5.551643928,5.914849557,5.664351421,5.687485121,5.652008115,..
"Agriculture, forestry, and fishing, value added (% of GDP)",NV.AGR.TOTL.ZS,Nigeria,NGA,21.55626328,21.3572413,23.89370409,22.23471099,21.85995862,20.75862283,19.99025477,20.63189348,20.98310971,20.84657143,21.20377372,21.90629593,24.14330587,23.35705876
"Agriculture, forestry, and fishing, value added (% of GDP)",NV.AGR.TOTL.ZS,Russian Federation,RUS,15.46103695,5.751715628,3.343898249,3.150725721,2.926030878,2.993600488,3.360605488,3.873104487,3.840217285,3.55363209,3.394253381,3.530302914,4.006351634,3.870001244
"Agriculture, forestry, and fishing, value added (% of GDP)",NV.AGR.TOTL.ZS,Turkiye,TUR,17.47622883,10.03285265,8.966928134,8.173956265,7.694877592,6.676108123,6.557235473,6.868375345,6.142292064,6.038629796,5.77601221,6.408687149,6.668155022,5.543076988
"Agriculture, forestry, and fishing, value added (% of GDP)",NV.AGR.TOTL.ZS,United States,USA,..,1.150555364,1.029437338,1.200559103,1.149329643,1.321084164,1.172065105,1.033933783,0.942644553,0.946868678,0.903900643,0.838812891,0.948847432,0.959566657
"Agriculture, forestry, and fishing, value added (% of GDP)",NV.AGR.TOTL.ZS,United Kingdom,GBR,1.259500417,0.819784533,0.591485511,0.6818246,0.630033953,0.633115936,0.745157763,0.629464476,0.573304506,0.592419789,0.566929791,0.604508325,0.643773162,0.67477269
"Agriculture, forestry, and fishing, value added (% of GDP)",NV.AGR.TOTL.ZS,United Arab Emirates,ARE,1.058428475,2.262650093,0.763419789,0.671922071,0.627943992,0.633172496,0.628716003,0.72367159,0.750862915,0.761757604,0.711464002,0.746712203,0.963890714,0.914025944
"Agriculture, forestry, and fishing, value added (% of GDP)",NV.AGR.TOTL.ZS,Zimbabwe,ZWE,14.83204676,15.66706342,9.609863269,8.665865173,8.044517527,7.144479446,8.745304229,8.284246903,7.873985821,8.340968872,7.319375146,9.819261605,8.772858756,8.849899248
CO2 emissions (kg per PPP $ of GDP),EN.ATM.CO2E.PP.GD,Algeria,DZA,0.353647633,0.305635197,0.242320056,0.24404389,0.271317096,0.279171467,0.291888864,0.327370922,0.328086103,0.324627345,0.326813154,0.329560058,0.324672528,..
CO2 emissions (kg per PPP $ of GDP),EN.ATM.CO2E.PP.GD,Australia,AUS,0.888141763,0.672571384,0.456608219,0.420201004,0.406224406,0.365833359,0.344603071,0.350226267,0.345407954,0.333636539,0.316051559,0.300443511,0.278380148,..
CO2 emissions (kg per PPP $ of GDP),EN.ATM.CO2E.PP.GD,Brazil,BRA,0.198419854,0.198282497,0.142172848,0.140810297,0.151484971,0.155348188,0.160524978,0.160989574,0.152113974,0.150953687,0.137883504,0.133967729,0.130369783,..
CO2 emissions (kg per PPP $ of GDP),EN.ATM.CO2E.PP.GD,Cameroon,CMR,0.125960289,0.165687397,0.122408047,0.112476034,0.10802082,0.108928041,0.109441001,0.107444271,0.10634426,0.100802397,0.101719197,0.094664974,0.096822313,..
CO2 emissions (kg per PPP $ of GDP),EN.ATM.CO2E.PP.GD,China,CHN,1.950793554,0.908532312,0.684556525,0.670493271,0.630798744,0.616564038,0.585297655,0.55399343,0.526980726,0.507329211,0.486080645,0.459036473,0.450690817,..
CO2 emissions (kg per PPP $ of GDP),EN.ATM.CO2E.PP.GD,Canada,CAN,0.748845879,0.570717891,0.393884164,0.383958144,0.372108411,0.357591828,0.346467274,0.350344282,0.331849492,0.321773673,0.312778359,0.302067436,0.287961499,..
CO2 emissions (kg per PPP $ of GDP),EN.ATM.CO2E.PP.GD,Ghana,GHA,0.103442777,0.108881327,0.105724819,0.094493939,0.098289527,0.098661531,0.088175306,0.098774515,0.102285695,0.10158898,0.10353379,0.102691345,0.108465061,..
CO2 emissions (kg per PPP $ of GDP),EN.ATM.CO2E.PP.GD,France,FRA,0.346598971,0.234805715,0.149038914,0.136944724,0.136748125,0.129748969,0.114956259,0.114465983,0.109575259,0.106510309,0.098211549,0.088318418,0.082137442,..
CO2 emissions (kg per PPP $ of GDP),EN.ATM.CO2E.PP.GD,Germany,DEU,0.617900212,0.371241618,0.242701312,0.218586465,0.21797447,0.213900794,0.193325418,0.190871384,0.179379776,0.16691354,0.154668225,0.138110272,0.128450833,..
CO2 emissions (kg per PPP $ of GDP),EN.ATM.CO2E.PP.GD,"Egypt, Arab Rep.",EGY,0.421396512,0.287711619,0.254146288,0.251317539,0.224272383,0.215576218,0.222398804,0.212625435,0.222711881,0.218500705,0.19713973,0.16800154,0.154892544,..
CO2 emissions (kg per PPP $ of GDP),EN.ATM.CO2E.PP.GD,India,IND,0.537642172,0.424045345,0.317402012,0.312677991,0.310319157,0.304503906,0.31663472,0.301408378,0.283807113,0.278944393,0.272436256,0.2540726,0.241815117,..
CO2 emissions (kg per PPP $ of GDP),EN.ATM.CO2E.PP.GD,Japan,JPN,0.451035594,0.342200731,0.255721366,0.262188507,0.261337618,0.252385385,0.241795128,0.226609291,0.225798002,0.218696169,0.207915911,0.200572687,0.192676138,..
CO2 emissions (kg per PPP $ of GDP),EN.ATM.CO2E.PP.GD,Jamaica,JAM,0.648137211,0.597578529,0.336842046,0.32652399,0.299066756,0.306690718,0.292705963,0.278884519,0.282536468,0.257663512,0.293568374,0.279364541,0.212773244,..
CO2 emissions (kg per PPP $ of GDP),EN.ATM.CO2E.PP.GD,South Africa,ZAF,0.952343972,0.745205289,0.643412919,0.587889279,0.61155663,0.598564187,0.604244076,0.560103489,0.550854225,0.550785523,0.535182816,0.532484106,0.49413874,..
CO2 emissions (kg per PPP $ of GDP),EN.ATM.CO2E.PP.GD,New Zealand,NZL,0.451615026,0.355100881,0.228556575,0.211286266,0.22079523,0.198054767,0.18980981,0.186856997,0.165660329,0.162078778,0.155579202,0.148957298,0.135238904,..
CO2 emissions (kg per PPP $ of GDP),EN.ATM.CO2E.PP.GD,Nigeria,NGA,0.371573803,0.345125824,0.120789519,0.118532127,0.114408035,0.120463581,0.118184727,0.109619568,0.113840862,0.109499532,0.109894081,0.111119172,0.104622848,..
CO2 emissions (kg per PPP $ of GDP),EN.ATM.CO2E.PP.GD,Russian Federation,RUS,1.821367629,1.562937494,0.552724788,0.521300031,0.481497651,0.436337311,0.428310278,0.451631548,0.444059892,0.418835799,0.392500446,0.386049056,0.368166291,..
CO2 emissions (kg per PPP $ of GDP),EN.ATM.CO2E.PP.GD,Turkiye,TUR,0.302597067,0.35530098,0.234737724,0.219131204,0.212678266,0.187294888,0.183647836,0.174749821,0.177848891,0.184650336,0.179868031,0.172394142,0.174657302,..
CO2 emissions (kg per PPP $ of GDP),EN.ATM.CO2E.PP.GD,United States,USA,0.81240993,0.563441274,0.358304348,0.331646241,0.304913342,0.302323782,0.290997759,0.274123806,0.261806375,0.247434504,0.242306848,0.225326962,0.205148876,..
CO2 emissions (kg per PPP $ of GDP),EN.ATM.CO2E.PP.GD,United Kingdom,GBR,0.574155615,0.339645256,0.210218485,0.189069141,0.191593673,0.177012301,0.155827467,0.144594164,0.131611975,0.120451259,0.114933805,0.105010747,0.100303878,..
CO2 emissions (kg per PPP $ of GDP),EN.ATM.CO2E.PP.GD,United Arab Emirates,ARE,0.346549124,0.275154555,0.293414259,0.275162399,0.270870863,0.278524956,0.267854659,0.31438606,0.323594287,0.297341852,0.260144327,0.269334258,0.283412504,..
CO2 emissions (kg per PPP $ of GDP),EN.ATM.CO2E.PP.GD,Zimbabwe,ZWE,0.911253784,0.51284169,0.410906416,0.419074916,0.383653907,0.357349167,0.338380273,0.323875027,0.265397125,0.284361695,0.299284521,0.288804079,0.252394322,..
GDP per capita (current LCU),NY.GDP.PCAP.CN,Algeria,DZA,21780.64076,133990.7322,334433.5385,399209.5895,435033.6306,438095.9145,444492.3459,422644.2332,434182.6063,458866.3326,486405.4331,480038.0552,425229.3295,499780.3113
GDP per capita (current LCU),NY.GDP.PCAP.CN,Australia,AUS,23715.49748,34797.77655,59188.08084,63491.56115,65989.76443,66434.16768,68095.85884,68160.28472,68519.05139,71513.92836,73803.87503,76819.11327,77156.4491,80987.72197
GDP per capita (current LCU),NY.GDP.PCAP.CN,Brazil,BRA,0.076631059,6817.914984,19790.05802,22082.27329,24076.48369,26430.55868,28403.43528,29220.91453,30307.16808,31584.27982,33326.61454,34890.12459,35692.91239,41519.54595
GDP per capita (current LCU),NY.GDP.PCAP.CN,Cameroon,CMR,293319.9891,497261.5156,684703.16,705895.8449,731996.8386,770058.1902,805670.7406,827504.432,845094.4115,859291.9882,885415.0421,901534.1935,885902.0017,924365.3761
GDP per capita (current LCU),NY.GDP.PCAP.CN,China,CHN,1662.53684,7942.069169,30807.93268,36277.13632,39771.37281,43496.61318,46911.71873,49922.32676,53782.99739,59592.25109,65533.7427,70077.69179,71828.14825,81369.97649
GDP per capita (current LCU),NY.GDP.PCAP.CN,Canada,CAN,25116.37478,36044.86515,48994.30785,51662.71745,52635.63159,54221.46037,56293.49303,55750.13666,56094.20594,58575.10402,60317.46751,61528.91807,58138.5363,65651.2663
GDP per capita (current LCU),NY.GDP.PCAP.CN,Ghana,GHA,12.43473321,138.071736,1800.297399,2282.548102,2804.126463,4522.248102,5627.818912,6356.760308,7430.207134,8695.509582,9996.144612,11310.86193,12179.48568,13983.81165
GDP per capita (current LCU),NY.GDP.PCAP.CN,France,FRA,18150.59742,24270.37771,30682.32135,31499.91064,31811.34241,32077.50871,32418.91103,33035.14778,33483.08731,34329.19862,35190.0556,36173.13118,34193.15004,36913.41084
GDP per capita (current LCU),NY.GDP.PCAP.CN,Germany,DEU,18425.30245,25654.43758,31358.47726,33554.16469,34134.68333,34860.5482,36148.92106,37046.21801,38066.67476,39526.71789,40593.67054,41799.68936,40949.9078,43292.3052
GDP per capita (current LCU),NY.GDP.PCAP.CN,"Egypt, Arab Rep.",EGY,1674.396916,4765.216014,13828.84391,15371.06693,18354.81257,19923.34588,22282.12382,25008.23776,27152.64156,35916.31843,44979.4254,52983.05638,57252.05721,60982.676
GDP per capita (current LCU),NY.GDP.PCAP.CN,India,IND,6618.505057,20194.57989,61537.87111,69467.09211,78023.63954,87005.20987,95375.73217,104106.3012,114980.212,126200.6859,138054.2206,145350.4281,142008.8074,166749.1806
GDP per capita (current LCU),NY.GDP.PCAP.CN,Japan,JPN,3673597.726,4221105.619,3947299.133,3891396.588,3921324.307,3991530.464,4076267.325,4231776.532,4283771.916,4355865.86,4389446.499,4405729.944,4269587.6,4371199.369
GDP per capita (current LCU),NY.GDP.PCAP.CN,Jamaica,JAM,13791.85784,148184.7711,421662.3456,451793.7534,476164.1805,516418.8179,553736.825,593920.0807,628315.2466,674776.0984,720970.8251,750036.6945,697384.376,781632.7433
GDP per capita (current LCU),NY.GDP.PCAP.CN,South Africa,ZAF,8178.206445,22496.57252,59005.84847,63440.80995,67106.64824,71809.36599,75532.74141,79117.19969,84355.95036,89655.39427,93279.43809,96642.27401,94502.27843,104264.3902
GDP per capita (current LCU),NY.GDP.PCAP.CN,New Zealand,NZL,22862.33407,31064.88322,46737.76634,48591.46898,49338.49051,52406.0692,53729.65792,55395.49616,57544.60024,60393.26076,62488.4708,64959.63207,64397.27319,70684.93955
GDP per capita (current LCU),NY.GDP.PCAP.CN,Nigeria,NGA,5195.058876,57489.92274,339305.9716,381562.347,425406.766,463639.6849,502494.5875,517282.1523,543685.1996,593807.1336,650680.2466,716359.6729,740432.2004,825090.9572
GDP per capita (current LCU),NY.GDP.PCAP.CN,Russian Federation,RUS,4.353602409,49834.94141,324177.2188,420492.5625,475576.6875,508586.3438,540965.625,567513.625,583714.8125,625454.25,707357.4375,746830.375,735069.25,927540.1875
GDP per capita (current LCU),NY.GDP.PCAP.CN,Turkiye,TUR,7.235460801,2674.851385,15952.71501,18941.00871,21008.675,23811.95843,26307.04511,29517.31524,32418.90096,38174.08831,45390.71753,51648.8475,60001.12184,85505.80287
GDP per capita (current LCU),NY.GDP.PCAP.CN,United States,USA,23888.60001,36329.95607,48650.64313,50065.9665,51784.41857,53291.12769,55123.84979,56762.72945,57866.74493,59907.75426,62823.30944,65120.39466,63528.6343,70219.47245
GDP per capita (current LCU),NY.GDP.PCAP.CN,United Kingdom,GBR,10754.56701,18697.50373,25688.61523,26307.97196,26895.37233,27792.6711,28835.30552,29501.06793,30474.20294,31562.88243,32461.6135,33489.99115,31448.34813,33870.97304
GDP per capita (current LCU),NY.GDP.PCAP.CN,United Arab Emirates,ARE,97952.74165,116989.326,125474.3166,150179.6283,163010.4719,167941.9842,172115.255,152501.0726,150772.7966,158152.4206,171587.5319,166643.9874,138193.1421,162748.8727
GDP per capita (current LCU),NY.GDP.PCAP.CN,Zimbabwe,ZWE,868.4901749,565.2843897,937.84034,1082.615773,1290.193957,1408.36781,1407.034291,1410.329173,1421.787791,1494.186929,4624.809669,13818.28777,87991.36679,199451.8057
GDP (current LCU),NY.GDP.MKTP.CN,Algeria,DZA,5.558E+11,4.12351E+12,1.19916E+13,1.45885E+13,1.62096E+13,1.66479E+13,1.72286E+13,1.67127E+13,1.75146E+13,1.88762E+13,2.03935E+13,2.05002E+13,1.84769E+13,2.20793E+13
GDP (current LCU),NY.GDP.MKTP.CN,Australia,AUS,4.04708E+11,6.6216E+11,1.30402E+12,1.4184E+12,1.50018E+12,1.5365E+12,1.5986E+12,1.62331E+12,1.65754E+12,1.75883E+12,1.84264E+12,1.94661E+12,1.97947E+12,2.08042E+12
GDP (current LCU),NY.GDP.MKTP.CN,Brazil,BRA,11548794.55,1.19909E+12,3.88585E+12,4.37638E+12,4.81476E+12,5.33162E+12,5.77895E+12,5.99579E+12,6.26933E+12,6.58548E+12,7.00414E+12,7.38913E+12,7.6096E+12,8.89873E+12
GDP (current LCU),NY.GDP.MKTP.CN,Cameroon,CMR,3.3528E+12,7.50447E+12,1.36106E+13,1.44348E+13,1.53959E+13,1.66586E+13,1.79661E+13,1.90431E+13,2.00386E+13,2.09609E+13,2.22033E+13,2.32437E+13,2.34685E+13,2.51415E+13
GDP (current LCU),NY.GDP.MKTP.CN,China,CHN,1.88729E+12,1.0028E+13,4.12119E+13,4.8794E+13,5.3858E+13,5.92963E+13,6.43563E+13,6.88858E+13,7.46395E+13,8.32036E+13,9.19281E+13,9.86515E+13,1.01357E+14,1.14924E+14
GDP (current LCU),NY.GDP.MKTP.CN,Canada,CAN,6.95501E+11,1.10606E+12,1.66605E+12,1.77406E+12,1.82721E+12,1.90225E+12,1.9949E+12,1.99044E+12,2.02553E+12,2.14064E+12,2.23567E+12,2.31356E+12,2.20968E+12,2.50962E+12
GDP (current LCU),NY.GDP.MKTP.CN,Ghana,GHA,192079100,2715250000,46042100100,59816320900,75315365300,1.24478E+11,1.58684E+11,1.83526E+11,2.19595E+11,2.62798E+11,3.08587E+11,3.56544E+11,3.91941E+11,4.59131E+11
GDP (current LCU),NY.GDP.MKTP.CN,France,FRA,1.05355E+12,1.47859E+12,1.99529E+12,2.05837E+12,2.0888E+12,2.11719E+12,2.14977E+12,2.19843E+12,2.23413E+12,2.29724E+12,2.36331E+12,2.43764E+12,2.31047E+12,2.50087E+12
GDP (current LCU),NY.GDP.MKTP.CN,Germany,DEU,1.46358E+12,2.10909E+12,2.5644E+12,2.69356E+12,2.74531E+12,2.81135E+12,2.92743E+12,3.02618E+12,3.13474E+12,3.26716E+12,3.36545E+12,3.47326E+12,3.40543E+12,3.60175E+12
GDP (current LCU),NY.GDP.MKTP.CN,"Egypt, Arab Rep.",EGY,95800000000,3.401E+11,1.2066E+12,1.3711E+12,1.6747E+12,1.8604E+12,2.13E+12,2.4439E+12,2.7094E+12,3.6559E+12,4.6662E+12,5.596E+12,6.1526E+12,6.6631E+12
GDP (current LCU),NY.GDP.MKTP.CN,India,IND,5.76109E+12,2.13989E+13,7.63447E+13,8.73633E+13,9.94401E+13,1.12335E+14,1.2468E+14,1.37719E+14,1.53917E+14,1.709E+14,1.88997E+14,2.01036E+14,1.98299E+14,2.3471E+14
GDP (current LCU),NY.GDP.MKTP.CN,Japan,JPN,4.53609E+14,5.35418E+14,5.05531E+14,4.97449E+14,5.00475E+14,5.08701E+14,5.18811E+14,5.38032E+14,5.44365E+14,5.53073E+14,5.5663E+14,5.57911E+14,5.39082E+14,5.49379E+14
GDP (current LCU),NY.GDP.MKTP.CN,Jamaica,JAM,32990537700,3.87089E+11,1.15278E+12,1.2407E+12,1.31413E+12,1.4321E+12,1.5419E+12,1.65968E+12,1.76098E+12,1.89503E+12,2.02725E+12,2.11043E+12,1.96693E+12,2.21022E+12
GDP (current LCU),NY.GDP.MKTP.CN,South Africa,ZAF,3.26127E+11,1.05314E+12,3.05561E+12,3.32705E+12,3.56639E+12,3.86863E+12,4.13387E+12,4.42079E+12,4.75955E+12,5.07819E+12,5.34861E+12,5.61367E+12,5.55692E+12,6.1925E+12
GDP (current LCU),NY.GDP.MKTP.CN,New Zealand,NZL,76127000000,1.19839E+11,2.03342E+11,2.13025E+11,2.17489E+11,2.32793E+11,2.4267E+11,2.5534E+11,2.71271E+11,2.90709E+11,3.06231E+11,3.23447E+11,3.27795E+11,3.61299E+11
GDP (current LCU),NY.GDP.MKTP.CN,Nigeria,NGA,4.94644E+11,7.06275E+12,5.46123E+13,6.31347E+13,7.23515E+13,8.101E+13,9.0137E+13,9.51777E+13,1.02575E+14,1.14899E+14,1.29087E+14,1.45639E+14,1.54252E+14,1.76076E+14
GDP (current LCU),NY.GDP.MKTP.CN,Russian Federation,RUS,644200000,7.30565E+12,4.63085E+13,6.0114E+13,6.81034E+13,7.29857E+13,7.903E+13,8.30874E+13,8.56161E+13,9.18432E+13,1.03862E+14,1.09608E+14,1.07658E+14,1.35295E+14
GDP (current LCU),NY.GDP.MKTP.CN,Turkiye,TUR,393060200,1.71494E+11,1.16766E+12,1.40493E+12,1.58148E+12,1.82343E+12,2.0549E+12,2.35094E+12,2.62656E+12,3.1337E+12,3.75877E+12,4.31173E+12,5.04822E+12,7.24879E+12
GDP (current LCU),NY.GDP.MKTP.CN,United States,USA,5.96314E+12,1.02509E+13,1.5049E+13,1.55997E+13,1.6254E+13,1.68432E+13,1.75507E+13,1.8206E+13,1.86951E+13,1.94773E+13,2.05331E+13,2.1381E+13,2.10605E+13,2.33151E+13
GDP (current LCU),NY.GDP.MKTP.CN,United Kingdom,GBR,6.15673E+11,1.10114E+12,1.61238E+12,1.66421E+12,1.71324E+12,1.7823E+12,1.86283E+12,1.921E+12,1.99946E+12,2.08501E+12,2.15741E+12,2.23835E+12,2.10959E+12,2.27025E+12
GDP (current LCU),NY.GDP.MKTP.CN,United Arab Emirates,ARE,1.86125E+11,3.83179E+11,1.06424E+12,1.28782E+12,1.41248E+12,1.4698E+12,1.5208E+12,1.35984E+12,1.35609E+12,1.43417E+12,1.56834E+12,1.53507E+12,1.28344E+12,1.52417E+12
GDP (current LCU),NY.GDP.MKTP.CN,Zimbabwe,ZWE,8783816700,6689957600,12041655200,14101920300,17114849900,19091020000,19495519600,19963120600,20548678100,22040902300,69613486100,2.12174E+11,1.3788E+12,3.18994E+12
GNI per capita (constant LCU),NY.GNP.PCAP.KN,Algeria,DZA,332401.891,327252.5479,423794.6825,424779.0051,429524.3472,430097.6195,436730.7738,443900.7043,455256.6411,450020.7494,442470.0883,439198.9063,411399.1667,418680.8044
GNI per capita (constant LCU),NY.GNP.PCAP.KN,Australia,AUS,..,..,..,..,..,..,..,..,..,..,..,..,..,..
GNI per capita (constant LCU),NY.GNP.PCAP.KN,Brazil,BRA,13525.96897,14966.3175,19178.73877,19857.59191,20075.01413,20734.09971,20562.33006,19666.90654,18823.00616,18968.39829,18975.95618,19079.76698,18444.23462,19148.51043
GNI per capita (constant LCU),NY.GNP.PCAP.KN,Cameroon,CMR,774761.6729,640338.6877,752989.2256,756470.3751,765670.4328,778507.2466,806977.8384,821725.3954,831135.0169,834962.2393,844070.6279,846903.3648,825386.9558,800354.3247
GNI per capita (constant LCU),NY.GNP.PCAP.KN,China,CHN,..,13523.13182,35015.76258,37958.67366,40954.62478,43589.22274,46969.45427,49684.11422,52772.31026,56304.94048,59641.20959,63068.53323,63995.58139,69265.25797
GNI per capita (constant LCU),NY.GNP.PCAP.KN,Canada,CAN,39126.75471,47249.07547,51568.18571,52710.23543,53127.40258,53932.96944,54877.10909,54896.08858,54996.54305,55956.18784,56454.70256,56998.43674,53757.36761,56226.02602
GNI per capita (constant LCU),NY.GNP.PCAP.KN,Ghana,GHA,..,..,3580.95811,3926.686292,4097.013477,4396.244368,4308.964976,4400.074682,4400.377125,4609.979685,4810.511072,5037.53139,5217.679291,5192.231778
GNI per capita (constant LCU),NY.GNP.PCAP.KN,France,FRA,25882.6487,30751.59456,32857.27482,33520.94158,33311.50472,33350.61712,33491.56471,33748.56976,34015.88037,34740.65001,35279.03644,35748.63279,32687.61423,35302.56933
GNI per capita (constant LCU),NY.GNP.PCAP.KN,Germany,DEU,27006.4629,30911.72306,34712.46643,36939.86027,36966.80784,37000.09669,37550.02636,37890.45674,38505.2819,39348.70129,39993.74587,40325.64767,38652.48965,39870.63811
GNI per capita (constant LCU),NY.GNP.PCAP.KN,"Egypt, Arab Rep.",EGY,20028.97683,25826.312,33092.14812,32722.8196,32784.97961,32643.26171,32887.65812,33805.70652,34684.72628,35255.65701,36234.79303,37161.57521,38013.98542,38633.82068
GNI per capita (constant LCU),NY.GNP.PCAP.KN,India,IND,28522.01306,40421.00251,66191.36148,68856.22454,71435.58542,74966.10429,79591.35083,84958.60199,90086.2143,96018.28085,101122.4925,104091.574,96712.07591,103903.0522
GNI per capita (constant LCU),NY.GNP.PCAP.KN,Japan,JPN,3466779.266,3862035.353,4094138.574,4111133.793,4168184.851,4285189.707,4314716.391,4398232.671,4415594.612,4501918.863,4540863.199,4533230.388,4341473.74,4505140.951
GNI per capita (constant LCU),NY.GNP.PCAP.KN,Jamaica,JAM,..,..,291969.123,296326.0165,299480.9364,296789.0526,298199.0209,296911.6296,296557.2278,303127.8845,305470.2145,311167.6777,278369.2108,291492.7187
GNI per capita (constant LCU),NY.GNP.PCAP.KN,South Africa,ZAF,57458.13788,59205.3218,75219.68285,76316.16119,77006.78281,77931.69629,77759.22312,77304.61299,76844.65561,77242.36795,77455.69749,76914.21653,71745.09984,74303.6548
GNI per capita (constant LCU),NY.GNP.PCAP.KN,New Zealand,NZL,36346.77476,41888.36644,48250.43061,49148.94341,50205.39342,51263.21095,52297.811,53557.51291,54400.0966,54802.51479,55821.97225,56950.45686,55620.59605,57813.06737
GNI per capita (constant LCU),NY.GNP.PCAP.KN,Nigeria,NGA,215743.1142,185947.2614,321083.4446,329334.4246,335295.3646,348832.9217,367371.2488,370881.8283,357759.9975,349105.1455,342288.6859,345646.2082,329488.9719,331704.3804
GNI per capita (constant LCU),NY.GNP.PCAP.KN,Russian Federation,RUS,490814.1875,324618.9063,530574.4375,552812.5,573333.5625,579776.1875,575025.4375,566856.375,567486.625,577453.8125,594474.3125,603327.25,594388.1875,628862.6875
GNI per capita (constant LCU),NY.GNP.PCAP.KN,Turkiye,TUR,..,..,..,..,..,..,..,..,..,..,..,..,..,..
GNI per capita (constant LCU),NY.GNP.PCAP.KN,United States,USA,39530.35885,48927.7302,53680.44689,54198.9375,54980.86291,55573.99785,56416.47957,57449.83954,58005.42855,59085.98144,60453.58821,61492.37046,59002.10477,62293.45327
GNI per capita (constant LCU),NY.GNP.PCAP.KN,United Kingdom,GBR,20515.59476,25715.97097,27754.78673,27935.5502,27773.39735,27852.01703,28525.40552,28859.64555,29213.37778,30109.70484,30350.38954,31072.67158,26935.12973,29543.65741
GNI per capita (constant LCU),NY.GNP.PCAP.KN,United Arab Emirates,ARE,..,..,125438.0034,132762.7559,137726.446,143315.8793,147941.4812,156974.6278,164389.5582,164520.0823,164759.6145,165535.6033,154571.1432,..
GNI per capita (constant LCU),NY.GNP.PCAP.KN,Zimbabwe,ZWE,..,..,10465.79717,11514.30874,13111.66424,13401.03278,13093.2407,12866.93594,12649.77383,13041.02543,14736.09219,13600.30746,12206.9596,12939.57757
Urban population (% of total population),SP.URB.TOTL.IN.ZS,Algeria,DZA,52.085,59.919,67.54,68.236,68.915,69.576,70.221,70.848,71.459,72.052,72.629,73.189,73.733,74.261
Urban population (% of total population),SP.URB.TOTL.IN.ZS,Australia,AUS,85.433,84.235,85.182,85.3,85.402,85.502,85.602,85.701,85.8,85.904,86.012,86.124,86.241,86.362
Urban population (% of total population),SP.URB.TOTL.IN.ZS,Brazil,BRA,73.922,81.192,84.335,84.631,84.923,85.209,85.492,85.77,86.042,86.309,86.569,86.824,87.073,87.317
Urban population (% of total population),SP.URB.TOTL.IN.ZS,Cameroon,CMR,39.657,45.542,51.559,52.164,52.769,53.373,53.976,54.578,55.179,55.777,56.374,56.968,57.56,58.148
Urban population (% of total population),SP.URB.TOTL.IN.ZS,China,CHN,26.442,35.877,49.226,50.511,51.765,53.013,54.259,55.5,56.736,57.96,59.152,60.308,61.428,62.512
Urban population (% of total population),SP.URB.TOTL.IN.ZS,Canada,CAN,76.582,79.478,80.937,81.096,81.137,81.178,81.218,81.259,81.3,81.35,81.411,81.482,81.562,81.653
Urban population (% of total population),SP.URB.TOTL.IN.ZS,Ghana,GHA,36.441,43.929,50.713,51.394,52.073,52.748,53.419,54.086,54.749,55.407,56.06,56.707,57.349,57.985
Urban population (% of total population),SP.URB.TOTL.IN.ZS,France,FRA,74.056,75.871,78.369,78.622,78.878,79.135,79.394,79.655,79.917,80.18,80.444,80.709,80.975,81.242
Urban population (% of total population),SP.URB.TOTL.IN.ZS,Germany,DEU,73.118,74.965,76.966,77.16,77.17,77.18,77.19,77.2,77.224,77.261,77.312,77.376,77.453,77.544
Urban population (% of total population),SP.URB.TOTL.IN.ZS,"Egypt, Arab Rep.",EGY,43.478,42.797,43.019,43,42.946,42.893,42.839,42.785,42.732,42.705,42.704,42.73,42.783,42.862
Urban population (% of total population),SP.URB.TOTL.IN.ZS,India,IND,25.547,27.667,30.93,31.276,31.634,32.003,32.384,32.777,33.182,33.6,34.03,34.472,34.926,35.393
Urban population (% of total population),SP.URB.TOTL.IN.ZS,Japan,JPN,77.339,78.649,90.812,91.069,91.148,91.226,91.304,91.381,91.457,91.535,91.616,91.698,91.782,91.867
Urban population (% of total population),SP.URB.TOTL.IN.ZS,Jamaica,JAM,49.444,51.814,53.743,53.93,54.132,54.35,54.584,54.833,55.098,55.378,55.674,55.985,56.311,56.652
Urban population (% of total population),SP.URB.TOTL.IN.ZS,South Africa,ZAF,52.037,56.891,62.218,62.746,63.272,63.793,64.312,64.828,65.341,65.85,66.355,66.856,67.354,67.847
Urban population (% of total population),SP.URB.TOTL.IN.ZS,New Zealand,NZL,84.742,86.021,86.16,86.1,86.161,86.221,86.281,86.341,86.4,86.466,86.538,86.615,86.699,86.789
Urban population (% of total population),SP.URB.TOTL.IN.ZS,Nigeria,NGA,29.68,34.84,43.48,44.366,45.246,46.118,46.982,47.838,48.683,49.519,50.344,51.157,51.958,52.746
Urban population (% of total population),SP.URB.TOTL.IN.ZS,Russian Federation,RUS,73.394,73.35,73.687,73.732,73.791,73.863,73.95,74.05,74.164,74.292,74.433,74.587,74.754,74.934
Urban population (% of total population),SP.URB.TOTL.IN.ZS,Turkiye,TUR,59.203,64.741,70.825,71.402,71.974,72.531,73.077,73.611,74.134,74.644,75.143,75.63,76.105,76.569
Urban population (% of total population),SP.URB.TOTL.IN.ZS,United States,USA,75.3,79.057,80.772,80.944,81.119,81.299,81.483,81.671,81.862,82.058,82.256,82.459,82.664,82.873
Urban population (% of total population),SP.URB.TOTL.IN.ZS,United Kingdom,GBR,78.14,78.651,81.302,81.57,81.837,82.102,82.365,82.626,82.886,83.143,83.398,83.652,83.903,84.152
Urban population (% of total population),SP.URB.TOTL.IN.ZS,United Arab Emirates,ARE,79.051,80.236,84.087,84.423,84.749,85.066,85.375,85.674,85.965,86.248,86.522,86.789,87.048,87.299
Urban population (% of total population),SP.URB.TOTL.IN.ZS,Zimbabwe,ZWE,28.988,33.758,33.196,33.015,32.834,32.654,32.504,32.385,32.296,32.237,32.209,32.21,32.242,32.303
"Unemployment, total (% of total labor force) (national estimate)",SL.UEM.TOTL.NE.ZS,Algeria,DZA,21.26,29.77,9.96,9.96,10.97,9.82,10.21,11.21,10.2,12,..,..,..,..
"Unemployment, total (% of total labor force) (national estimate)",SL.UEM.TOTL.NE.ZS,Australia,AUS,6.93,6.29,5.21,5.08,5.23,5.66,6.08,6.06,5.71,5.59,5.3,5.16,6.46,5.12
"Unemployment, total (% of total labor force) (national estimate)",SL.UEM.TOTL.NE.ZS,Brazil,BRA,3.69,..,..,7.58,7.25,7.07,6.76,8.54,11.58,12.79,12.33,11.94,13.7,13.16
"Unemployment, total (% of total labor force) (national estimate)",SL.UEM.TOTL.NE.ZS,Cameroon,CMR,..,..,4.11,..,..,..,3.53,..,..,..,..,..,..,..
"Unemployment, total (% of total labor force) (national estimate)",SL.UEM.TOTL.NE.ZS,China,CHN,2.5,3.1,4.1,4.1,4.1,4.05,4.1,..,..,3.9,4.93,5.15,5.61,5.11
"Unemployment, total (% of total labor force) (national estimate)",SL.UEM.TOTL.NE.ZS,Canada,CAN,8.13,6.83,8.18,7.64,7.39,7.14,7.02,6.95,7.04,6.43,5.84,5.69,9.66,7.53
"Unemployment, total (% of total labor force) (national estimate)",SL.UEM.TOTL.NE.ZS,Ghana,GHA,..,10.46,5.38,..,..,2.17,..,6.81,..,3.37,..,..,..,..
"Unemployment, total (% of total labor force) (national estimate)",SL.UEM.TOTL.NE.ZS,France,FRA,9.36,10.22,9.28,9.23,9.84,9.91,10.27,10.35,10.06,9.41,9.02,8.41,8.01,7.87
"Unemployment, total (% of total labor force) (national estimate)",SL.UEM.TOTL.NE.ZS,Germany,DEU,4.89,7.92,6.97,5.82,5.38,5.23,4.98,4.62,4.12,3.75,3.38,3.14,3.86,3.64
"Unemployment, total (% of total labor force) (national estimate)",SL.UEM.TOTL.NE.ZS,"Egypt, Arab Rep.",EGY,8.43,8.98,8.76,11.85,12.6,13.15,13.1,13.05,12.45,11.77,9.86,7.85,7.97,7.44
"Unemployment, total (% of total labor force) (national estimate)",SL.UEM.TOTL.NE.ZS,India,IND,..,2.73,3.12,..,3.22,..,..,..,..,..,7.65,6.51,7.86,6.38
"Unemployment, total (% of total labor force) (national estimate)",SL.UEM.TOTL.NE.ZS,Japan,JPN,2.1,4.75,5.1,4.55,4.36,4.04,3.59,3.39,3.13,2.82,2.47,2.35,2.81,2.83
"Unemployment, total (% of total labor force) (national estimate)",SL.UEM.TOTL.NE.ZS,Jamaica,JAM,15.72,15.54,7.63,8.03,8.69,9.7,9.05,13.51,8.63,7.4,5.47,4.99,6.5,5.19
"Unemployment, total (% of total labor force) (national estimate)",SL.UEM.TOTL.NE.ZS,South Africa,ZAF,..,29.88,23.18,21.42,21.79,22.04,22.61,22.87,24.02,23.99,24.22,25.54,24.34,28.77
"Unemployment, total (% of total labor force) (national estimate)",SL.UEM.TOTL.NE.ZS,New Zealand,NZL,7.98,6.13,6.56,6.49,6.93,5.84,5.43,5.42,5.15,4.74,4.34,4.11,4.6,3.78
"Unemployment, total (% of total labor force) (national estimate)",SL.UEM.TOTL.NE.ZS,Nigeria,NGA,..,..,..,3.77,..,3.71,4.56,4.31,7.06,8.39,..,10.7,..,..
"Unemployment, total (% of total labor force) (national estimate)",SL.UEM.TOTL.NE.ZS,Russian Federation,RUS,..,10.58,7.37,6.54,5.44,5.46,5.16,5.57,5.56,5.21,4.85,4.5,5.59,4.72
"Unemployment, total (% of total labor force) (national estimate)",SL.UEM.TOTL.NE.ZS,Turkiye,TUR,8.35,6.3,10.66,8.8,8.15,8.73,9.88,10.24,10.84,10.82,10.89,13.67,13.11,11.98
"Unemployment, total (% of total labor force) (national estimate)",SL.UEM.TOTL.NE.ZS,United States,USA,5.6,3.99,9.63,8.95,8.07,7.37,6.17,5.28,4.87,4.36,3.9,3.67,8.05,5.35
"Unemployment, total (% of total labor force) (national estimate)",SL.UEM.TOTL.NE.ZS,United Kingdom,GBR,6.97,5.56,7.79,8.04,7.88,7.52,6.11,5.3,4.81,4.33,4,3.74,..,..
"Unemployment, total (% of total labor force) (national estimate)",SL.UEM.TOTL.NE.ZS,United Arab Emirates,ARE,..,2.25,..,..,..,..,..,..,1.64,2.46,2.24,2.33,4.29,3.11
"Unemployment, total (% of total labor force) (national estimate)",SL.UEM.TOTL.NE.ZS,Zimbabwe,ZWE,..,..,..,5.37,..,..,4.77,..,..,..,..,7.37,..,9.54
"Population, total",SP.POP.TOTL,Algeria,DZA,25518074,30774621,35856344,36543541,37260563,38000626,38760168,39543154,40339329,41136546,41927007,42705368,43451666,44177969
"Population, total",SP.POP.TOTL,Australia,AUS,17065128,19028802,22031750,22340024,22733465,23128129,23475686,23815995,24190907,24594202,24966643,25340217,25655289,25688079
"Population, total",SP.POP.TOTL,Brazil,BRA,150706446,175873720,196353492,198185302,199977707,201721767,203459650,205188205,206859578,208504960,210166592,211782878,213196304,214326223
"Population, total",SP.POP.TOTL,Cameroon,CMR,11430520,15091594,19878036,20448873,21032684,21632850,22299585,23012646,23711630,24393181,25076747,25782341,26491087,27198628
"Population, total",SP.POP.TOTL,China,CHN,1135185000,1262645000,1337705000,1345035000,1354190000,1363240000,1371860000,1379860000,1387790000,1396215000,1402760000,1407745000,1411100000,1412360000
"Population, total",SP.POP.TOTL,Canada,CAN,27691138,30685730,34004889,34339328,34714222,35082954,35437435,35702908,36109487,36545236,37065084,37601230,38007166,38226498
"Population, total",SP.POP.TOTL,Ghana,GHA,15446982,19665502,25574719,26205941,26858762,27525597,28196358,28870939,29554303,30222262,30870641,31522290,32180401,32833031
"Population, total",SP.POP.TOTL,France,FRA,58044701,60921384,65030575,65345233,65662240,66002289,66312067,66548272,66724104,66918020,67158348,67388001,67571107,67749632
"Population, total",SP.POP.TOTL,Germany,DEU,79433029,82211508,81776930,80274983,80425823,80645605,80982500,81686611,82348669,82657002,82905782,83092962,83160871,83196078
"Population, total",SP.POP.TOTL,"Egypt, Arab Rep.",EGY,57214630,71371371,87252413,89200054,91240376,93377890,95592324,97723799,99784030,101789386,103740765,105618671,107465134,109262178
"Population, total",SP.POP.TOTL,India,IND,870452165,1059633675,1240613620,1257621191,1274487215,1291132063,1307246509,1322866505,1338636340,1354195680,1369003306,1383112050,1396387127,1407563842
"Population, total",SP.POP.TOTL,Japan,JPN,123478000,126843000,128070000,127833000,127629000,127445000,127276000,127141000,127076000,126972000,126811000,126633000,126261000,125681593
"Population, total",SP.POP.TOTL,Jamaica,JAM,2392030,2612205,2733896,2746169,2759817,2773129,2784543,2794445,2802695,2808376,2811835,2813773,2820436,2827695
"Population, total",SP.POP.TOTL,South Africa,ZAF,39877570,46813266,51784921,52443325,53145033,53873616,54729551,55876504,56422274,56641209,57339635,58087055,58801927,59392255
"Population, total",SP.POP.TOTL,New Zealand,NZL,3329800,3857700,4350700,4384000,4408100,4442100,4516500,4609400,4714100,4813600,4900600,4979200,5090200,5111400
"Population, total",SP.POP.TOTL,Nigeria,NGA,95214257,122851984,160952853,165463745,170075932,174726123,179379016,183995785,188666931,193495907,198387623,203304492,208327405,213401323
"Population, total",SP.POP.TOTL,Russian Federation,RUS,147969407,146596869,142849468,142960908,143201721,143506995,143819667,144096870,144342397,144496739,144477859,144406261,144073139,143449286
"Population, total",SP.POP.TOTL,Turkiye,TUR,54324142,64113547,73195345,74173854,75277439,76576117,78112073,79646178,81019394,82089826,82809304,83481684,84135428,84775404
"Population, total",SP.POP.TOTL,United States,USA,249623000,282162411,309327143,311583481,313877662,316059947,318386329,320738994,323071755,325122128,326838199,328329953,331511512,332031554
"Population, total",SP.POP.TOTL,United Kingdom,GBR,57247586,58892514,62766365,63258810,63700215,64128273,64602298,65116219,65611593,66058859,66460344,66836327,67081234,67026300
"Population, total",SP.POP.TOTL,United Arab Emirates,ARE,1900151,3275333,8481771,8575205,8664969,8751847,8835951,8916899,8994263,9068296,9140169,9211657,9287289,9365145
"Population, total",SP.POP.TOTL,Zimbabwe,ZWE,10113893,11834676,12839771,13025785,13265331,13555422,13855753,14154937,14452704,14751101,15052184,15354608,15669666,15993524
,,,,,,,,,,,,,,,,,
,,,,,,,,,,,,,,,,,
,,,,,,,,,,,,,,,,,
Data from database: World Development Indicators,,,,,,,,,,,,,,,,,
Last Updated: 10/26/2023,,,,,,,,,,,,,,,,,
